id,label,,sequence
1/01ROI.jpg,1,,01ROI.jpg
1/02ROI.jpg,1,,02ROI.jpg
1/03ROI.jpg,1,,03ROI.jpg
1/04ROI.jpg,1,,04ROI.jpg
1/05ROI.jpg,1,,05ROI.jpg
1/06ROI.jpg,1,,06ROI.jpg
1/07ROI.jpg,1,,07ROI.jpg
1/08ROI.jpg,1,,08ROI.jpg
1/09ROI.jpg,1,,09ROI.jpg
1/010ROI.jpg,1,,010ROI.jpg
2/01ROI.jpg,2,,
2/02ROI.jpg,2,,
2/03ROI.jpg,2,,
2/04ROI.jpg,2,,
2/05ROI.jpg,2,,
2/06ROI.jpg,2,,
2/07ROI.jpg,2,,
2/08ROI.jpg,2,,
2/09ROI.jpg,2,,
2/010ROI.jpg,2,,
3/01ROI.jpg,3,,
3/02ROI.jpg,3,,
3/03ROI.jpg,3,,
3/04ROI.jpg,3,,
3/05ROI.jpg,3,,
3/06ROI.jpg,3,,
3/07ROI.jpg,3,,
3/08ROI.jpg,3,,
3/09ROI.jpg,3,,
3/010ROI.jpg,3,,
4/01ROI.jpg,4,,
4/02ROI.jpg,4,,
4/03ROI.jpg,4,,
4/04ROI.jpg,4,,
4/05ROI.jpg,4,,
4/06ROI.jpg,4,,
4/07ROI.jpg,4,,
4/08ROI.jpg,4,,
4/09ROI.jpg,4,,
4/010ROI.jpg,4,,
5/01ROI.jpg,5,,
5/02ROI.jpg,5,,
5/03ROI.jpg,5,,
5/04ROI.jpg,5,,
5/05ROI.jpg,5,,
5/06ROI.jpg,5,,
5/07ROI.jpg,5,,
5/08ROI.jpg,5,,
5/09ROI.jpg,5,,
5/010ROI.jpg,5,,
6/01ROI.jpg,6,,
6/02ROI.jpg,6,,
6/03ROI.jpg,6,,
6/04ROI.jpg,6,,
6/05ROI.jpg,6,,
6/06ROI.jpg,6,,
6/07ROI.jpg,6,,
6/08ROI.jpg,6,,
6/09ROI.jpg,6,,
6/010ROI.jpg,6,,
7/01ROI.jpg,7,,
7/02ROI.jpg,7,,
7/03ROI.jpg,7,,
7/04ROI.jpg,7,,
7/05ROI.jpg,7,,
7/06ROI.jpg,7,,
7/07ROI.jpg,7,,
7/08ROI.jpg,7,,
7/09ROI.jpg,7,,
7/010ROI.jpg,7,,
8/01ROI.jpg,8,,
8/02ROI.jpg,8,,
8/03ROI.jpg,8,,
8/04ROI.jpg,8,,
8/05ROI.jpg,8,,
8/06ROI.jpg,8,,
8/07ROI.jpg,8,,
8/08ROI.jpg,8,,
8/09ROI.jpg,8,,
8/010ROI.jpg,8,,
9/01ROI.jpg,9,,
9/02ROI.jpg,9,,
9/03ROI.jpg,9,,
9/04ROI.jpg,9,,
9/05ROI.jpg,9,,
9/06ROI.jpg,9,,
9/07ROI.jpg,9,,
9/08ROI.jpg,9,,
9/09ROI.jpg,9,,
9/010ROI.jpg,9,,
10/01ROI.jpg,10,,
10/02ROI.jpg,10,,
10/03ROI.jpg,10,,
10/04ROI.jpg,10,,
10/05ROI.jpg,10,,
10/06ROI.jpg,10,,
10/07ROI.jpg,10,,
10/08ROI.jpg,10,,
10/09ROI.jpg,10,,
10/010ROI.jpg,10,,
